预测结果_Y,预测结果概率_0,预测结果概率_1,二氧化硅(SiO2),氧化钠(Na2O),氧化钾(K2O）,氧化钙(CaO),氧化镁(MgO),氧化铝(Al2O3),氧化铁(Fe2O3),氧化铜(CuO),氧化铅(PbO),氧化钡(BaO,五氧化二磷(P2O5),氧化锶(SrO),氧化锡(SnO2),二氧化硫(SO2)
1,0.005922126223001811,0.9940778737769982,37.75,0.0,0.0,7.63,0.0,2.33,0.0,0.0,34.3,0.0,14.27,0.0,0.0,0.0
0,0.9925748521895765,0.007425147810423434,31.95,0.0,1.36,7.19,0.81,2.93,7.06,0.21,39.58,4.69,2.68,0.52,0.0,0.0
0,1.0,4.561208509537275e-17,35.47,0.0,0.79,2.89,1.05,7.07,6.45,0.96,24.28,8.31,8.45,0.28,0.0,0.0
0,1.0,5.223945267621006e-61,64.29,1.2,0.37,1.64,2.34,12.75,0.81,0.94,12.23,2.16,0.19,0.21,0.49,0.0
0,1.0,3.520418719436339e-29,51.12,0.0,0.23,0.89,0.0,2.12,0.0,9.01,21.24,11.34,1.46,0.31,0.0,2.26
