预测结果_Y,预测结果概率_0,预测结果概率_1,二氧化硅(SiO2),氧化钠(Na2O),氧化钾(K2O）,氧化钙(CaO),氧化镁(MgO),氧化铝(Al2O3),氧化铁(Fe2O3),氧化铜(CuO),氧化铅(PbO),氧化钡(BaO,五氧化二磷(P2O5),氧化锶(SrO),氧化锡(SnO2),二氧化硫(SO2)
0,0.999997003797203,2.9962027969475366e-06,78.45,0,0.0,6.08,1.86,7.23,2.15,2.11,0,0,1.06,0.03,0,0.51
1,7.599562183990827e-07,0.9999992400437816,93.17,0,1.35,0.64,0.21,1.52,0.27,1.73,0,0,0.21,0.0,0,0.0
1,0.003076767090222532,0.9969232329097775,90.83,0,0.98,1.12,0.0,5.06,0.24,1.17,0,0,0.13,0.0,0,0.11
