预测结果_Y,预测结果概率_0,预测结果概率_1,二氧化硅(SiO2),氧化钠(Na2O),氧化钾(K2O）,氧化钙(CaO),氧化镁(MgO),氧化铝(Al2O3),氧化铁(Fe2O3),氧化铜(CuO),氧化铅(PbO),氧化钡(BaO,五氧化二磷(P2O5),氧化锶(SrO),氧化锡(SnO2),二氧化硫(SO2)
0,1.0,1.5321474350490011e-19,66.97949,0.695,7.204,5.86087,1.039,6.75492,1.88626,4.32236,0.412,0.598,1.52304,0.042,0.197,0.102
0,1.0,1.3181170777355248e-19,68.70746,0.695,9.51326,4.67242,1.039,4.97028,1.95796,2.4397,0.412,0.598,1.4284,0.042,0.197,0.102
0,1.0,6.934577508817726e-19,69.97271,0.695,10.80488,3.58961,1.039,3.59124,1.92928,1.64876,0.412,0.598,1.301,0.042,0.197,0.102
0,1.0,5.2180142836538845e-23,68.17967,0.695,11.15714,4.93652,1.039,5.34884,1.94362,2.5511,0.412,0.598,1.3556,0.042,0.197,0.102
0,1.0,4.0752457275797395e-29,66.77705,0.695,10.10036,7.41906,1.16956,10.865,1.9723,1.3257,0.412,0.598,1.37744,0.042,0.197,0.102
0,1.0,3.4993342732477766e-20,67.04456,0.695,7.204,5.51754,1.14916,8.18804,1.9006,2.42856,0.412,0.598,1.43204,0.042,0.197,0.102
